{"(8, 5)": [-0.16000000000000006, -0.1362055627442264], "(0, 0)": [0.0, 0.0], "(6, 1)": [-0.28, -0.33359027760289583], "(6, 5)": [-0.15, -0.05895960088414357], "(7, 1)": [-0.23636363636363628, -0.23017611990792464], "(7, 10)": [-0.021276595744680857, 0.0062854795323670195], "(7, 15)": [-0.1538461538461538, -0.07155557514197207], "(2, 5)": [0.20000000000000004, 0.07731836858280317], "(8, 9)": [-0.24999999999999994, -0.03501995897380283], "(8, 3)": [-0.29824561403508776, -0.19088478586868282], "(8, 8)": [-0.2000000000000001, -0.04173696771210447], "(2, 8)": [0.17241379310344826, 0.20960311258882683], "(3, 2)": [-0.06451612903225806, -0.06376616885857073], "(4, 7)": [-0.19999999999999998, 0.16857522337993674], "(8, 2)": [-0.22330097087378645, -0.3007439695294818], "(9, 8)": [-0.4339622641509434, -0.1076033065281112], "(9, 12)": [-0.3125, 0.1457361087654614], "(7, 6)": [-0.6153846153846154, -0.1346534575146677], "(7, 11)": [-0.06666666666666665, 0.09202669034968983], "(7, 16)": [-0.08108108108108104, -0.17005929213706467], "(1, 5)": [0.08045977011494257, -5.631468788860677e-06], "(4, 8)": [-0.04615384615384617, 0.15817280374166479], "(4, 5)": [-0.14705882352941174, 0.06640638218057497], "(4, 3)": [0.10714285714285712, -0.07194354869397189], "(4, 6)": [-0.07936507936507939, 0.1114188618984434], "(2, 1)": [-0.020000000000000007, -0.19094280719501508], "(2, 7)": [-0.024390243902439025, 0.1317046860317213], "(2, 2)": [0.09890109890109892, -0.10275133642447352], "(2, 6)": [-0.07407407407407406, 0.11423402234317613], "(3, 6)": [-0.06666666666666671, 0.030122232439235144], "(3, 7)": [-0.01886792452830189, 0.0468022911238943], "(1, 8)": [0.1627906976744186, 0.11042389891969899], "(7, 8)": [-0.5199999999999999, -0.05149946763256448], "(9, 5)": [-0.5254237288135595, -0.2098056595034276], "(1, 2)": [0.034482758620689634, -0.1459377694161916], "(9, 6)": [-0.5909090909090909, -0.15061845955454506], "(9, 11)": [-0.5333333333333333, 0.022486012857333114], "(9, 13)": [-0.4716981132075472, 0.11793471200561179], "(6, 3)": [-0.148936170212766, -0.13402605693930644], "(6, 8)": [-0.030927835051546358, 0.024730043586663194], "(4, 11)": [-0.103448275862069, 0.31606346673523145], "(4, 13)": [-0.04000000000000004, 0.30478043878992206], "(4, 1)": [-0.34883720930232553, -0.13502881174042908], "(1, 4)": [-0.017543859649122813, 0.0015120038480561282], "(6, 10)": [-0.4, 0.08672587889396358], "(6, 11)": [-0.3125, 0.1277095350352193], "(8, 17)": [-0.33333333333333326, -0.3148905223723336], "(8, 19)": [0.4285714285714286, -0.5771576918200455], "(5, 7)": [-0.21428571428571433, 0.241618380669153], "(5, 4)": [-0.11111111111111109, 0.12848896123635226], "(5, 6)": [-6.938893903907228e-18, 0.14316588936770122], "(9, 14)": [-0.2727272727272727, -0.10033395576280035], "(7, 9)": [-0.37931034482758624, -0.013530103943564468], "(7, 4)": [-0.21875000000000008, -0.18317137192647948], "(8, 12)": [-0.3617021276595744, 0.2023457319303002], "(8, 15)": [-0.3658536585365853, -0.17826157460079534], "(8, 16)": [-0.33333333333333337, -0.018605082726834705], "(7, 3)": [-0.3571428571428571, -0.199010272906913], "(6, 6)": [-0.3333333333333334, -0.08040792250452858], "(5, 8)": [-0.309090909090909, 0.29355342611911855], "(6, 9)": [-0.3478260869565216, 0.022836676799423448], "(1, 3)": [0.14999999999999997, -0.005755918460562217], "(8, 7)": [-0.1272727272727273, -0.021453859172187593], "(6, 16)": [-0.21739130434782605, -0.03229394070065822], "(7, 7)": [-0.20000000000000007, -0.05270860775502899], "(7, 13)": [-0.46153846153846156, 0.0036047903149844314], "(9, 9)": [-0.3636363636363637, -0.09097236517476673], "(6, 7)": [-0.26829268292682923, -0.09236239966107765], "(3, 9)": [-0.05084745762711868, 0.16638878611941788], "(3, 18)": [0.375, -0.10334330935484551], "(3, 11)": [-0.3125, 0.246321964629778], "(1, 1)": [0.06521739130434781, -0.3324808096923119], "(1, 9)": [0.03846153846153848, 0.1093905000804032], "(3, 1)": [-0.054945054945055, -0.1815508905028511], "(3, 10)": [-0.07692307692307693, 0.1530220131512112], "(4, 4)": [-0.23809523809523814, -0.007666160345090217], "(9, 2)": [-0.24489795918367344, -0.32448947813990053], "(9, 10)": [-0.4705882352941176, 0.008579722542630126], "(1, 6)": [0.11926605504587155, 0.0013002007726237155], "(1, 10)": [0.12000000000000001, 0.26638215176972485], "(1, 11)": [0.103448275862069, 0.22201518690335648], "(1, 13)": [0.2857142857142857, -0.010215450377839413], "(1, 14)": [0.0, 0.12231665467585587], "(2, 4)": [0.13402061855670103, -0.014569756102139774], "(8, 4)": [-0.3962264150943396, -0.10705023982526704], "(8, 10)": [-0.15789473684210528, 0.0249633475498865], "(8, 13)": [-0.14285714285714282, -0.015979939543794137], "(8, 6)": [-0.3333333333333333, 0.021516066355681197], "(3, 8)": [-0.15254237288135591, 0.14547947897665384], "(9, 3)": [-0.21311475409836064, -0.18212608706423558], "(6, 2)": [-0.40425531914893614, -0.1545878054370135], "(6, 4)": [-0.27472527472527475, -0.16875029407118639], "(4, 12)": [-0.13333333333333333, 0.4077038175789076], "(4, 9)": [0.10810810810810814, 0.21769439963678025], "(2, 9)": [-0.0943396226415095, 0.25047648582294674], "(2, 12)": [4.85722573273506e-17, 0.4080847577534046], "(5, 2)": [-0.21951219512195116, 0.06781375792217145], "(9, 1)": [-0.5111111111111111, -0.2950045596427287], "(2, 15)": [-0.3333333333333333, 0.16632520274078932], "(2, 20)": [0.9166666666666666, -0.6342471457006624], "(5, 15)": [-0.1851851851851851, 0.11345109676948592], "(5, 11)": [-0.3939393939393939, 0.4260167843882996], "(3, 5)": [-0.03448275862068967, 0.04949152375705758], "(3, 3)": [-0.12941176470588237, -0.05463512948500311], "(8, 11)": [-0.33333333333333326, 0.10006070396907367], "(5, 3)": [-0.17647058823529416, 0.035241996132637836], "(5, 5)": [-0.2222222222222222, 0.149330835210682], "(9, 15)": [-0.5833333333333334, -0.05060154572862069], "(9, 18)": [0.15384615384615388, -0.1636515057896712], "(4, 2)": [-0.26470588235294124, -0.15452227015591113], "(6, 17)": [0.043478260869565195, -0.04852846238948031], "(4, 15)": [0.07692307692307696, 0.0723060339334459], "(5, 9)": [0.018181818181818177, 0.3208763924199114], "(5, 18)": [0.34146341463414637, 0.01923942798318412], "(5, 13)": [-0.3529411764705882, 0.40187318739182787], "(7, 5)": [-0.2830188679245283, -0.13034487738745015], "(8, 14)": [-0.7142857142857145, 0.06286490649696527], "(3, 4)": [-0.1818181818181818, 0.03053837584096788], "(5, 17)": [0.13157894736842107, 0.02847269367493182], "(9, 4)": [-0.4545454545454546, -0.15717289586204666], "(5, 1)": [-0.17460317460317457, -0.02882574408116864], "(7, 2)": [-0.3928571428571428, -0.27974936153983493], "(3, 12)": [0.05263157894736844, 0.2432813241011393], "(3, 14)": [-0.02857142857142855, 0.13631004905121347], "(9, 16)": [-0.49999999999999994, -0.08610131179387458], "(2, 17)": [0.15625, -0.04139112010784832], "(8, 21)": [0.9444444444444443, -0.778073643758184], "(9, 7)": [-0.423076923076923, -0.11677057863439043], "(1, 18)": [0.26086956521739124, -0.2079393809627311], "(2, 13)": [-0.1428571428571429, 0.26725732421071857], "(8, 1)": [-0.36, -0.2648283452486663], "(9, 19)": [0.5499999999999999, -0.7051667026370447], "(4, 21)": [0.8666666666666666, -1.0], "(5, 12)": [0.0, 0.41242084865240347], "(9, 17)": [-0.5625000000000001, -0.10339741664529335], "(8, 18)": [-0.05263157894736839, -0.431958730668877], "(7, 19)": [0.5, -0.5486877308575006], "(7, 17)": [0.06250000000000003, -0.254796471141452], "(7, 21)": [0.9444444444444443, -1.0], "(1, 7)": [0.04000000000000002, 0.09055394086301459], "(6, 13)": [-0.36363636363636354, 0.13375129365341246], "(3, 13)": [0.024390243902438997, 0.21021023357289412], "(3, 15)": [-0.2592592592592592, -0.02182172765974498], "(4, 14)": [-0.29411764705882354, 0.15289471608973768], "(6, 15)": [-0.5384615384615384, -0.01747320608575451], "(7, 12)": [-0.23529411764705888, 0.0778683563616835], "(5, 10)": [-0.2857142857142857, 0.3546016531690582], "(4, 10)": [-0.25000000000000006, 0.26085920857699], "(2, 10)": [-0.052631578947368404, 0.41075895235512594],