{"(6, 4)": [0.0, -0.28125000000000006], "(0, 0)": [-0.16819769199707238, -1.0], "(7, 4)": [0.0, -0.2962962962962963], "(7, 13)": [0.0, -0.25806451612903214], "(7, 20)": [0.0, -0.0454545454545454], "(2, 8)": [0.0, 0.0006973500697350007], "(2, 13)": [0.0, -0.019390581717451557], "(2, 3)": [0.0, -0.008097165991902838], "(9, 4)": [0.0, -0.4200000000000001], "(3, 7)": [0.0, -0.04347826086956522], "(1, 6)": [0.0, -0.0016070711128967406], "(1, 10)": [0.0, 0.01883561643835616], "(1, 3)": [0.0, -0.0028669724770642342], "(1, 4)": [0.0, -0.0020757654385054544], "(1, 13)": [0.0, -0.006625766871165641], "(5, 1)": [0.0, -0.2758620689655172], "(8, 4)": [0.0, -0.3181818181818181], "(5, 5)": [0.0, -0.2456140350877192], "(5, 2)": [0.0, -0.18181818181818185], "(5, 6)": [0.0, -0.05263157894736843], "(5, 8)": [0.0, -0.2075471698113208], "(1, 1)": [0.0, -0.007097791798107264], "(4, 7)": [0.0, -0.14444444444444443], "(8, 2)": [0.0, -0.4324324324324324], "(8, 13)": [0.0, -0.41558441558441567], "(8, 15)": [0.0, -0.4926470588235292], "(8, 21)": [0.0, 0.05882352941176465], "(7, 1)": [0.0, -0.06976744186046513], "(8, 5)": [0.0, -0.26984126984126977], "(8, 10)": [0.0, -0.32500000000000023], "(8, 12)": [0.0, -0.4235294117647057], "(8, 16)": [0.0, -0.6701030927835052], "(8, 18)": [0.0, -0.062499999999999986], "(8, 8)": [0.0, -0.4098360655737705], "(9, 6)": [0.0, -0.49218749999999994], "(9, 5)": [0.0, -0.4137931034482758], "(2, 1)": [0.0, -0.05234899328859059], "(2, 5)": [0.0, -0.005877413937867329], "(8, 3)": [0.0, -0.4747474747474747], "(3, 2)": [0.0, -0.015706806282722516], "(3, 6)": [0.0, -0.1254019292604501], "(3, 9)": [0.0, -0.06906077348066303], "(6, 8)": [0.0, -0.2881355932203388], "(6, 12)": [0.0, -0.07361963190184048], "(6, 15)": [0.0, -0.2410714285714286], "(1, 8)": [0.0, -0.00032206119162640236], "(1, 9)": [0.0, -0.0006142506142506115], "(1, 15)": [0.0, -0.0002909514111143703], "(1, 12)": [0.0, 0.007906085289889807], "(6, 5)": [0.0, -0.07086614173228342], "(6, 9)": [0.0, -0.19117647058823523], "(7, 7)": [0.0, -0.10714285714285711], "(7, 3)": [0.0, -0.41025641025641035], "(9, 7)": [0.0, -0.41025641025641046], "(4, 6)": [0.0, -0.02352941176470588], "(4, 14)": [0.0, -0.1920529801324503], "(8, 6)": [0.0, -0.22302158273381298], "(9, 1)": [0.0, -0.4285714285714287], "(1, 14)": [0.0, -0.0017907393195190574], "(5, 7)": [0.0, -0.3333333333333333], "(5, 11)": [0.0, -0.21578947368421048], "(5, 3)": [0.0, -0.1944444444444446], "(5, 14)": [0.0, -0.24369747899159663], "(3, 17)": [0.0, -0.1428571428571429], "(6, 1)": [0.0, -0.14285714285714288], "(6, 6)": [0.0, -0.10791366906474811], "(6, 7)": [0.0, -0.25517241379310346], "(6, 13)": [0.0, -0.19333333333333333], "(6, 10)": [0.0, -0.28240740740740755], "(6, 19)": [0.0, -0.1276595744680851], "(7, 2)": [0.0, -0.25], "(7, 10)": [0.0, -0.389189189189189], "(9, 2)": [0.0, -0.2112676056338028], "(4, 8)": [0.0, -0.13461538461538455], "(4, 4)": [0.0, -0.13450292397660818], "(4, 9)": [0.0, -0.18942731277533034], "(5, 9)": [0.0, -0.23316062176165808], "(9, 13)": [0.0, -0.32089552238805963], "(9, 9)": [0.0, -0.41860465116279066], "(9, 12)": [0.0, -0.4575163398692811], "(9, 14)": [0.0, -0.44615384615384607], "(5, 10)": [0.0, -0.17346938775510204], "(5, 19)": [0.0, 0.04], "(2, 16)": [0.0, -0.048022598870056506], "(4, 1)": [0.0, -0.2786885245901638], "(4, 15)": [0.0, -0.2916666666666665], "(4, 21)": [0.0, 0.09999999999999998], "(7, 6)": [0.0, -0.43884892086330934], "(4, 2)": [0.0, -0.15686274509803924], "(4, 10)": [0.0, -0.18577075098814227], "(7, 5)": [0.0, -0.37735849056603776], "(2, 9)": [0.0, 0.009792626728110604], "(8, 9)": [0.0, -0.23469387755102042], "(3, 5)": [0.0, -0.024630541871921197], "(3, 13)": [0.0, -0.13502109704641357], "(2, 7)": [0.0, 0.007058823529411738], "(2, 11)": [0.0, -0.02866242038216552], "(3, 8)": [0.0, -0.18820224719101128], "(3, 16)": [0.0, -0.2065217391304348], "(7, 8)": [0.0, -0.3246753246753247], "(7, 14)": [0.0, -0.2857142857142858], "(1, 5)": [0.0, -0.0009380863039399606], "(3, 4)": [0.0, -0.08558558558558549], "(2, 12)": [0.0, -0.004664179104477612], "(8, 1)": [0.0, -0.2530120481927712], "(8, 7)": [0.0, -0.3905325443786984], "(2, 17)": [0.0, 0.0015987210231814511], "(4, 12)": [0.0, -0.10526315789473689], "(3, 3)": [0.0, -0.05405405405405406], "(3, 1)": [0.0, -0.1428571428571428], "(9, 8)": [0.0, -0.37748344370860903], "(1, 2)": [0.0, -0.00519480519480518], "(6, 3)": [0.0, -0.06329113924050636], "(3, 11)": [0.0, -0.06106870229007632], "(2, 10)": [0.0, -0.0008884940026654916], "(2, 20)": [0.0, 0.00930232558139533], "(3, 14)": [0.0, -0.057522123893805316], "(2, 2)": [0.0, -0.04318181818181824], "(1, 18)": [0.0, -0.0004518752824220463], "(2, 4)": [0.0, -0.03382480485689506], "(1, 11)": [0.0, 0.010924981791697022], "(4, 17)": [0.0, -0.1384615384615385], "(4, 18)": [0.0, -0.06329113924050636], "(6, 11)": [0.0, -0.15340909090909097], "(7, 9)": [0.0, -0.29192546583850926], "(9, 11)": [0.0, -0.34020618556701016], "(6, 14)": [0.0, -0.1627906976744185], "(7, 11)": [0.0, -0.25624999999999976], "(7, 18)": [0.0, 2.42861286636753e-17], "(2, 21)": [0.0, -9.540979117872439e-18], "(1, 20)": [0.0, 0.0008718395815169981], "(4, 3)": [0.0, -0.22222222222222215], "(4, 13)": [0.0, 6.938893903907228e-18], "(4, 16)": [0.0, -0.41414141414141414], "(3, 12)": [0.0, -0.12280701754385975], "(1, 16)": [0.0, -0.0035575679172056944], "(1, 19)": [0.0, 0.0006939625260235937], "(5, 4)": [0.0, -0.23711340206185572], "(1, 7)": [0.0, -0.006041222459132921], "(6, 2)": [0.0, -0.40983606557377045], "(6, 17)": [0.0, -0.2837837837837837], "(2, 18)": [0.0, -0.0012578616352201162], "(9, 10)": [0.0, -0.35227272727272724], "(3, 15)": [0.0, -0.14876033057851237], "(7, 15)": [0.0, -0.35353535353535315], "(4, 5)": [0.0, -0.13836477987421386], "(4, 11)": [0.0, -0.11111111111111115], "(7, 12)": [0.0, -0.27419354838709664], "(7, 16)": [0.0, -0.3703703703703703], "(3, 18)": [0.0, -0.015151515151515162], "(9, 17)": [0.0, -0.4153846153846156], "(9, 19)": [0.0, -0.030303030303030318], "(7, 19)": [0.0, 0.0], "(8, 20)": [0.0, 0.2352941176470587], "(9, 3)": [0.0, -0.4526315789473685], "(6, 18)": [0.0, 3.8163916471489756e-17], "(2, 14)": [0.0, -0.033969010727056], "(5, 21)": [0.0, -0.15384615384615385], "(3, 20)": [0.0, 0.10526315789473682], "(6, 20)": [0.0, -1.343011723336883e-17], "(5, 15)": [0.0, -0.2], "(5, 12)": [0.0, -0.2560975609756096], "(5, 18)": [0.0, -0.1818181818181818], "(8, 14)": [0.0, -0.32191780821917804], "(3, 10)": [0.0, -0.07908163265306122], "(2, 6)": [0.0, -0.018315018315018285], "(8, 17)": [0.0, -0.27868852459016397], "(9, 16)": [0.0, -0.5909090909090907], "(9, 15)": [0.0, -0.6100000000000001], "(8, 11)": [0.0, -0.3489583333333334], "(9, 20)": [0.0, -2.7755575615628914e-17], "(6, 16)": [0.0, -0.49367088607594933], "(5, 16)": [0.0, -0.46987951807228906], "(4, 19)": [0.0, -0.025641025641025644], "(8, 19)": [0.0, -0.07142857142857141], "(5, 13)": [0.0, -0.28368794326241126], "(2, 15)": [0.0, -0.024020227560050615], "(7, 17)": [0.0, -0.390625], "(1, 17)": [0.0, -0.0003614022406938794], "(1, 21)": [0.0, 2.6020852139652106e-18], "(7, 21)": [0.0, -0.04166666666666667], "(3, 19)": [0.0, -0.16216216216216214], "(4, 20)": [0.0, -0.027777777777777783], "(6, 21)": [0.0, 0.16000000000000003], "(9, 18)": [0.0, -0.3333333333333333], "(5, 17)": [0.0, -0.2428571428571429], "(5, 20)": [0.0, 0.045454545454545456], "(2, 19)": [0.0, -0.003164556962025315], "(3, 21)": [0.0, 0.09090909090909091], "(9, 21)": [0.0, -0.1904761904761904]}