{"(3, 6)": [0.10909090909090909, -0.29308465125741295], "(0, 0)": [0.0, 0.0], "(6, 9)": [-0.09278350515463919, -0.5787060549597081], "(6, 13)": [2.0816681711721685e-17, -0.5], "(7, 7)": [-0.2580645161290322, -0.320447172046225], "(3, 8)": [-0.09565217391304348, -0.2970430785586163], "(3, 7)": [-0.4193548387096773, -0.2755982329112649], "(9, 4)": [-0.44144144144144143, -0.4430611025213008], "(9, 7)": [-0.45454545454545453, -0.4471798032865535], "(2, 8)": [-0.00990099009900986, -0.39563516781845703], "(2, 1)": [0.08510638297872342, -0.5933763472427172], "(7, 3)": [-0.32231404958677684, -0.41052736351037955], "(6, 3)": [-0.3181818181818181, -0.5650003399271589], "(1, 1)": [0.0784313725490196, -0.41467671132384293], "(1, 3)": [0.10679611650485436, -0.31223022505185044], "(5, 7)": [-0.4117647058823529, -0.3022502830133893], "(5, 3)": [-0.17293233082706766, -0.3816718276292846], "(8, 2)": [-0.3118279569892473, -0.506640984936417], "(8, 11)": [-0.2571428571428571, -1.0], "(4, 5)": [-0.29629629629629634, -0.3222380132489448], "(2, 3)": [0.13274336283185836, -0.3785742614070492], "(9, 9)": [-0.4634146341463414, -0.44126839706711307], "(2, 7)": [-0.04651162790697674, -0.42803098368525944], "(2, 13)": [0.03703703703703706, 0.0], "(1, 6)": [0.1089108910891089, -0.46679467721701196], "(6, 4)": [-0.24999999999999994, -0.4868471116524281], "(5, 2)": [-0.11340206185567012, -0.5292262904294939], "(7, 5)": [-0.36363636363636365, -0.3662129456712687], "(7, 11)": [-1.0, -0.3428161140723618], "(3, 2)": [-0.12500000000000003, -0.23991412793114253], "(3, 4)": [-0.020833333333333308, -0.27870174526530117], "(6, 7)": [-0.25490196078431376, -0.5557271790952856], "(6, 10)": [-0.4666666666666666, -0.5728618905568751], "(2, 4)": [-0.021276595744680816, -0.41344235050303074], "(5, 4)": [-0.21311475409836061, -0.4030758454701472], "(3, 9)": [0.07142857142857145, -0.2143318046594449], "(3, 10)": [-0.02222222222222227, -0.12879213828023156], "(3, 3)": [-0.18446601941747573, -0.26780064701141204], "(5, 11)": [-1.0, -0.2766130632888434], "(9, 8)": [-0.3053892215568863, -0.4161279833859873], "(9, 3)": [-0.4025974025974027, -0.47096429019362934], "(1, 7)": [0.12359550561797755, -0.3100962246410625], "(1, 12)": [-1.0, -0.15739812682363696], "(1, 2)": [0.15492957746478878, -0.565990329044196], "(5, 6)": [0.18279569892473116, -0.3421746738451965], "(8, 4)": [-0.3406593406593408, -0.4774693987365017], "(4, 1)": [0.1058823529411765, -0.4476295209146122], "(4, 7)": [-0.13043478260869565, -0.2490233178619907], "(4, 3)": [-0.4567901234567901, -0.4246112649651579], "(4, 11)": [-1.0, -0.21714633261995667], "(8, 7)": [-0.3541666666666667, -0.5325818693689648], "(3, 5)": [-0.02912621359223299, -0.34085856300460843], "(6, 5)": [0.011235955056179784, -0.560371122162103], "(8, 6)": [-0.30000000000000004, -0.4314127337726843], "(8, 5)": [-0.5294117647058825, -0.5241803153210863], "(3, 13)": [-0.3333333333333333, -0.2598863960439999], "(9, 14)": [-1.0, -0.47710757198644976], "(2, 5)": [0.06306306306306306, -0.4711972927651225], "(2, 11)": [-1.0, -0.28790887255770586], "(4, 14)": [-1.0, -0.3284731460438328], "(9, 5)": [-0.4782608695652174, -0.4275085847246913], "(7, 9)": [-0.289855072463768, -0.38444578883154934], "(2, 6)": [0.05376344086021506, -0.47142917495889747], "(7, 6)": [-0.35384615384615403, -0.35787636324284733], "(7, 14)": [-1.0, -0.4601136225610345], "(7, 2)": [-0.5675675675675677, -0.4258677075317831], "(4, 2)": [-0.10476190476190476, -0.5069488458602363], "(7, 8)": [-0.18620689655172412, -0.36456018912368154], "(4, 6)": [-0.23364485981308414, -0.35154553242563474], "(4, 12)": [-1.0, -0.1485057782927228], "(6, 11)": [-0.3023255813953489, -0.3333333333333333], "(8, 8)": [-0.28089887640449446, -0.41489297378376244], "(6, 2)": [-0.3023255813953488, -0.49109903590227544], "(6, 1)": [-0.07317073170731703, -0.5023442196586662], "(6, 8)": [-0.20353982300884957, -0.607211161567804], "(5, 8)": [-0.1694915254237288, -0.24203536903261846], "(2, 9)": [0.04081632653061226, -0.4816439490840824], "(4, 9)": [-0.4999999999999999, -0.26968166500981594], "(4, 15)": [-0.6, -0.3464671791596691], "(5, 5)": [-0.1764705882352941, -0.363063276204842], "(5, 13)": [-0.1794871794871795, -0.5], "(9, 1)": [-0.5254237288135591, -0.5077232201885241], "(9, 12)": [-1.0, -0.329415524231921], "(9, 11)": [-1.0, -0.38221532779056927], "(3, 1)": [0.046511627906976716, -0.4613382322612006], "(1, 5)": [0.1, -0.34794242486714255], "(1, 11)": [-1.0, -0.11585642893500167], "(1, 8)": [-0.0743801652892562, -0.2142715811617816], "(2, 2)": [0.0869565217391304, -0.4968306929696729], "(6, 6)": [-0.32142857142857156, -0.6017157045338697], "(1, 4)": [0.16326530612244897, -0.3238488953143221], "(5, 17)": [-1.0, -0.408865808968302], "(4, 10)": [-1.0, -0.15099848408842526], "(9, 6)": [-0.32432432432432445, -0.41596927754252216], "(2, 14)": [-0.10344827586206899, -1.0], "(8, 10)": [-1.0, -0.4225747854302866], "(8, 1)": [-0.3529411764705883, -0.4956894878558549], "(8, 3)": [-0.27118644067796605, -0.5251227303513748], "(8, 9)": [-0.383177570093458, -0.46154117895726343], "(6, 15)": [0.19999999999999998, -1.0], "(4, 4)": [-0.16799999999999998, -0.3583457285789004], "(4, 8)": [-0.20481927710843373, -0.25010610795019644], "(9, 2)": [-0.6086956521739131, -0.5488358718056296], "(5, 10)": [-1.0, -0.2998147173502354], "(3, 12)": [-1.0, -0.1826087117740471], "(1, 9)": [0.2244897959183674, -0.28045316083838023], "(5, 14)": [-0.3333333333333333, -0.29509629520194847], "(3, 19)": [0.7619047619047619, 0.0], "(8, 13)": [-1.0, -0.4178760009486688], "(2, 10)": [-0.22580645161290325, -0.38932099434160694], "(7, 10)": [-1.0, -0.31273652362929727], "(5, 1)": [-0.19047619047619052, -0.6086058324074962], "(7, 17)": [-0.375, -1.0], "(4, 13)": [-1.0, -0.24968888880010617], "(1, 18)": [-1.0, -0.5120617389034819], "(6, 18)": [0.12500000000000003, -1.0], "(8, 12)": [-1.0, -0.369486536451629], "(9, 10)": [-1.0, -0.3747904820829697], "(1, 15)": [0.1538461538461538, 0.0], "(4, 20)": [0.6785714285714285, 0.0], "(3, 15)": [-1.0, -0.297905380185874], "(6, 17)": [0.26666666666666666, -1.0], "(2, 12)": [-1.0, -0.27897386654645745], "(3, 11)": [-1.0, -0.12828076327195173], "(4, 18)": [0.17142857142857137, 0.0], "(1, 13)": [-1.0, -0.3344428986112496], "(1, 14)": [0.1333333333333333, -1.0], "(1, 20)": [1.0, 0.0], "(7, 12)": [-1.0, -0.21522695923534074], "(4, 17)": [-1.0, -0.43248841312376074], "(3, 14)": [-0.16279069767441862, -0.4], "(4, 19)": [0.711111111111111, 0.0], "(6, 19)": [1.0, 0.0], "(5, 19)": [0.4285714285714286, 0.0], "(5, 12)": [-0.14285714285714285, -0.34744084362139915], "(1, 17)": [-1.0, -0.48969748011678976], "(8, 15)": [-0.3636363636363636, -1.0], "(9, 13)": [-1.0, -0.4275996476570931], "(8, 16)": [-1.0, -0.4761175175090513], "(5, 9)": [-0.2972972972972972, -0.3524405094689246], "(9, 17)": [-0.22222222222222224, -1.0], "(1, 21)": [1.0, 0.0], "(7, 4)": [-0.15384615384615385, -0.3490560996812514], "(2, 15)": [0.5238095238095238, -1.0], "(9, 18)": [0.07547169811320759, -0.3064535217908019], "(5, 15)": [0.02439024390243901, 0.0], "(6, 16)": [-1.0, -0.7075465981720965], "(7, 1)": [-0.13333333333333328, -0.5040660136157865], "(8, 18)": [0.5499999999999998, 0.0], "(7, 18)": [-1.0, -0.5823923345875883], "(7, 15)": [-1.0, -0.4089234073614944], "(1, 16)": [0.2222222222222222, -0.16666666666666669], "(2, 17)": [-1.0, -0.5910282570512324], "(7, 13)": [0.1818181818181818, 0.0], "(7, 16)": [-1.0, -0.4508675876995], "(1, 10)": [0.48148148148148157, 0.0], "(1, 19)": [0.625, 0.0], "(7, 21)": [0.8400000000000001, 0.0], "(5, 16)": [0.03703703703703705, 0.0], "(4, 16)": [0.04545454545454547, -0.1861757760724179], "(3, 21)": [1.0, 0.0], "(6, 12)": [-0.03225806451612902, -1.0], "(6, 14)": [-0.30000000000000004, -1.0], "(9, 15)": [-1.0, -0.5470842885548928], "(8, 19)": [0.2307692307692307, 0.0], "(9, 19)": [0.7999999999999999, 0.0], "(9, 21)": [0.846153846153846, 0.0], "(8, 14)": [-0.10526315789473685, -0.5], "(2, 18)": [0.5714285714285714, 0.0], "(3, 16)": [-1.0, -0.3826188444752677],